UNITID,INSTNM
100654,Alabama A & M University
100663,University of Alabama at Birmingham
100690,Amridge University
100706,University of Alabama in Huntsville
100724,Alabama State University
100751,The University of Alabama
100812,Athens State University
100830,Auburn University at Montgomery
100858,Auburn University
100937,Birmingham Southern College
101073,Concordia College Alabama
101189,Faulkner University
101435,Huntingdon College
101453,Heritage Christian University
101480,Jacksonville State University
101541,Judson College
101587,University of West Alabama
101675,Miles College
101693,University of Mobile
101709,University of Montevallo
101879,University of North Alabama
101912,Oakwood University
102049,Samford University
102058,Selma University
102094,University of South Alabama
102234,Spring Hill College
102261,Southeastern Bible College
102270,Stillman College
102298,Talladega College
102368,Troy University
102377,Tuskegee University
102395,United States Sports Academy
102553,University of Alaska Anchorage
102580,Alaska Bible College
102614,University of Alaska Fairbanks
102669,Alaska Pacific University
103787,American Indian College Inc
104151,Arizona State University-Tempe
104179,University of Arizona
104586,Embry-Riddle Aeronautical University-Prescott
104665,School of Architecture at Taliesin
105330,Northern Arizona University
105367,Ottawa University-Phoenix
105589,Prescott College
105899,Arizona Christian University
106245,University of Arkansas at Little Rock
106263,University of Arkansas for Medical Sciences
106342,Lyon College
106397,University of Arkansas
106412,University of Arkansas at Pine Bluff
106458,Arkansas State University-Main Campus
106467,Arkansas Tech University
106704,University of Central Arkansas
106713,Central Baptist College
107044,Harding University
107071,Henderson State University
107080,Hendrix College
107141,John Brown University
107512,Ouachita Baptist University
107558,University of the Ozarks
107600,Philander Smith College
107877,Williams Baptist University
107983,Southern Arkansas University Main Campus
108092,University of Arkansas-Fort Smith
109651,Art Center College of Design
109785,Azusa Pacific University
110060,Bethesda University
110097,Biola University
110316,California Institute of Integral Studies
110361,California Baptist University
110370,California College of the Arts
110404,California Institute of Technology
110413,California Lutheran University
110422,California Polytechnic State University-San Luis Obispo
110486,California State University-Bakersfield
110495,California State University-Stanislaus
110510,California State University-San Bernardino
110529,California State Polytechnic University-Pomona
110538,California State University-Chico
110547,California State University-Dominguez Hills
110556,California State University-Fresno
110565,California State University-Fullerton
110574,California State University-East Bay
110583,California State University-Long Beach
110592,California State University-Los Angeles
110608,California State University-Northridge
110617,California State University-Sacramento
110635,University of California-Berkeley
110644,University of California-Davis
110653,University of California-Irvine
110662,University of California-Los Angeles
110671,University of California-Riverside
110680,University of California-San Diego
110705,University of California-Santa Barbara
110714,University of California-Santa Cruz
111081,California Institute of the Arts
111188,California State University Maritime Academy
111948,Chapman University
112075,Concordia University-Irvine
112084,San Diego Christian College
112260,Claremont McKenna College
112570,Columbia College Hollywood
113698,Dominican University of California
114813,Fresno Pacific University
115083,Golden Gate University-San Francisco
115409,Harvey Mudd College
115728,Holy Names University
115755,Humboldt State University
115773,Humphreys University-Stockton and Modesto Campuses
116712,John F. Kennedy University
116846,American Jewish University
117104,Life Pacific College
117140,University of La Verne
117168,Laguna College of Art and Design
117557,Lincoln University
117575,Southern California Seminary
117627,La Sierra University
117636,Loma Linda University
117751,The Master's University and Seminary
117946,Loyola Marymount University
118541,Marymount California University
118693,Menlo College
118888,Mills College
119058,Middlebury Institute of International Studies at Monterey
119173,Mount Saint Mary's University
119605,National University
120184,Notre Dame de Namur University
120254,Occidental College
120403,Otis College of Art and Design
120537,Hope International University
120698,Palo Alto University
120768,Pacific Oaks College
120838,Pacific States University
120865,Pacific Union College
120883,University of the Pacific
121150,Pepperdine University
121257,Pitzer College
121309,Point Loma Nazarene University
121345,Pomona College
121691,University of Redlands
122296,Samuel Merritt University
122409,San Diego State University
122436,University of San Diego
122454,San Francisco Art Institute
122506,San Francisco Conservatory of Music
122597,San Francisco State University
122612,University of San Francisco
122728,William Jessup University
122755,San Jose State University
122931,Santa Clara University
123165,Scripps College
123280,Shasta Bible College and Graduate School
123457,Simpson University
123554,Saint Mary's College of California
123572,Sonoma State University
123633,South Baylo University
123651,Vanguard University of Southern California
123952,Southern California Institute of Architecture
123961,University of Southern California
124292,Thomas Aquinas College
124487,Epic Bible College
125727,Westmont College
125763,Whittier College
125897,Woodbury University
126076,Yeshiva Ohr Elchonon Chabad West Coast Talmudical Seminary
126182,Adams State University
126562,University of Colorado Denver/Anschutz Medical Campus
126580,University of Colorado Colorado Springs
126614,University of Colorado Boulder
126669,Colorado Christian University
126678,Colorado College
126775,Colorado School of Mines
126818,Colorado State University-Fort Collins
127060,University of Denver
127185,Fort Lewis College
127556,Colorado Mesa University
127565,Metropolitan State University of Denver
127653,Naropa University
127714,Nazarene Bible College
127741,University of Northern Colorado
127918,Regis University
128106,Colorado State University-Pueblo
128391,Western State Colorado University
128498,Albertus Magnus College
128744,University of Bridgeport
128771,Central Connecticut State University
128780,Charter Oak State College
128902,Connecticut College
129020,University of Connecticut
129215,Eastern Connecticut State University
129242,Fairfield University
129525,University of Hartford
129534,Holy Apostles College and Seminary
129686,Lyme Academy College of Fine Arts
129774,Mitchell College
129941,University of New Haven
130226,Quinnipiac University
130253,Sacred Heart University
130314,University of Saint Joseph
130493,Southern Connecticut State University
130590,Trinity College
130697,Wesleyan University
130776,Western Connecticut State University
130794,Yale University
130934,Delaware State University
130943,University of Delaware
130989,Goldey-Beacom College
131098,Wesley College
131113,Wilmington University
131159,American University
131283,Catholic University of America
131399,University of the District of Columbia
131450,Gallaudet University
131469,George Washington University
131496,Georgetown University
131520,Howard University
131876,Trinity Washington University
132408,The Baptist College of Florida
132471,Barry University
132602,Bethune-Cookman University
132657,Lynn University
132842,Carlos Albizu University-Miami
132879,Johnson University Florida
132903,University of Central Florida
133085,Clearwater Christian College
133492,Eckerd College
133526,Edward Waters College
133553,Embry-Riddle Aeronautical University-Daytona Beach
133650,Florida Agricultural and Mechanical University
133669,Florida Atlantic University
133711,Flagler College-St Augustine
133872,AdventHealth University
133881,Florida Institute of Technology
133951,Florida International University
133979,Florida Memorial University
134079,Florida Southern College
134097,Florida State University
134130,University of Florida
134510,Hobe Sound Bible College
134945,Jacksonville University
135364,Luther Rice College & Seminary
135610,Trinity International University-Florida
135726,University of Miami
136172,University of North Florida
136206,Northwood University-Florida
136215,Nova Southeastern University
136330,Palm Beach Atlantic University
136774,Ringling College of Art and Design
136950,Rollins College
137032,Saint Leo University
137272,Saint John Vianney College Seminary
137351,University of South Florida-Main Campus
137476,St. Thomas University
137546,Stetson University
137564,Southeastern University
137777,Talmudic College of Florida
137847,The University of Tampa
137953,Trinity Baptist College
137962,Trinity College of Florida
138275,Warner University
138293,Webber International University
138354,The University of West Florida
138600,Agnes Scott College
138716,Albany State University
138789,Armstrong State University
138868,Point University
138947,Clark Atlanta University
139144,Berry College
139153,Beulah Heights University
139199,Brenau University
139205,Brewton-Parker College
139287,Carver Bible College
139311,Clayton  State University
139366,Columbus State University
139393,Covenant College
139630,Emmanuel College
139658,Emory University
139719,Fort Valley State University
139755,Georgia Institute of Technology-Main Campus
139764,Georgia Southwestern State University
139861,Georgia College & State University
139931,Georgia Southern University
139940,Georgia State University
139959,University of Georgia
140164,Kennesaw State University
140234,LaGrange College
140252,Life University
140447,Mercer University
140553,Morehouse College
140696,Oglethorpe University
140720,Paine College
140818,Piedmont College
140872,Reinhardt University
140951,Savannah College of Art and Design
140960,Savannah State University
140988,Shorter University
141060,Spelman College
141097,Southern Polytechnic State University
141167,Thomas University
141185,Toccoa Falls College
141237,Truett McConnell University
141264,Valdosta State University
141325,Wesleyan College
141334,University of West Georgia
141361,Young Harris College
141486,Chaminade University of Honolulu
141565,University of Hawaii at Hilo
141574,University of Hawaii at Manoa
141644,Hawaii Pacific University
141981,University of Hawaii-West Oahu
142090,Boise Bible College
142115,Boise State University
142276,Idaho State University
142285,University of Idaho
142294,The College of Idaho
142328,Lewis-Clark State College
142461,Northwest Nazarene University
142522,Brigham Young University-Idaho
143048,School of the Art Institute of Chicago
143084,Augustana College
143118,Aurora University
143288,Blackburn College
143297,Blessing Rieman College of Nursing and Health Sciences
143358,Bradley University
144005,Chicago State University
144050,University of Chicago
144281,Columbia College Chicago
144351,Concordia University-Chicago
144740,DePaul University
144883,East-West University
144892,Eastern Illinois University
144962,Elmhurst College
144971,Eureka College
145336,Governors State University
145372,Greenville University
145497,Hebrew Theological College
145558,Rosalind Franklin University of Medicine and Science
145600,University of Illinois at Chicago
145619,Benedictine University
145637,University of Illinois at Urbana-Champaign
145646,Illinois Wesleyan University
145691,Illinois College
145725,Illinois Institute of Technology
145813,Illinois State University
146339,Judson University
146427,Knox College
146481,Lake Forest College
146533,Lakeview College of Nursing
146612,Lewis University
146667,Lincoln Christian University
146719,Loyola University Chicago
146825,MacMurray College
147013,McKendree University
147129,Methodist College
147244,Millikin University
147341,Monmouth College
147369,Moody Bible Institute
147536,National Louis University
147590,National University of Health Sciences
147660,North Central College
147679,North Park University
147703,Northern Illinois University
147767,Northwestern University
147776,Northeastern Illinois University
147828,Olivet Nazarene University
148131,Quincy University
148405,Rockford University
148487,Roosevelt University
148496,Dominican University
148511,Rush University
148575,Saint Francis Medical Center College of Nursing
148584,University of St Francis
148593,St. John's College-Department of Nursing
148627,Saint Xavier University
148654,University of Illinois at Springfield
148849,Shimer College
149028,Saint Anthony College of Nursing
149222,Southern Illinois University-Carbondale
149231,Southern Illinois University-Edwardsville
149329,Telshe Yeshiva-Chicago
149505,Trinity Christian College
149514,Trinity International University-Illinois
149639,VanderCook College of Music
149763,Resurrection University
149772,Western Illinois University
149781,Wheaton College
150066,Anderson University
150136,Ball State University
150145,Bethel College-Indiana
150163,Butler University
150172,Calumet College of Saint Joseph
150400,DePauw University
150455,Earlham College
150534,University of Evansville
150604,Franklin College
150668,Goshen College
150677,Grace College and Theological Seminary
150756,Hanover College
150774,Holy Cross College
150941,Huntington University
151102,Purdue University Fort Wayne
151111,Indiana University-Purdue University-Indianapolis
151263,University of Indianapolis
151290,Indiana Institute of Technology
151306,University of Southern Indiana
151324,Indiana State University
151333,Indiana University-Kokomo
151342,Indiana University-South Bend
151351,Indiana University-Bloomington
151360,Indiana University-Northwest
151379,Indiana University-Southeast
151388,Indiana University-East
151777,Manchester University
151786,Marian University
151801,Indiana Wesleyan University-Marion
151810,Martin University
152080,University of Notre Dame
152099,Oakland City University
152248,Purdue University-Calumet Campus
152266,Purdue University-North Central Campus
152318,Rose-Hulman Institute of Technology
152336,University of Saint Francis-Fort Wayne
152363,Saint Josephs College
152381,Saint Mary-of-the-Woods College
152390,Saint Mary's College
152530,Taylor University
152567,Trine University
152600,Valparaiso University
152673,Wabash College
152798,Allen College
152822,AIB College of Business
152992,Briar Cliff University
153001,Buena Vista University
153108,Central College
153126,Clarke University
153144,Coe College
153162,Cornell College
153241,Divine Word College
153250,Dordt College
153269,Drake University
153278,University of Dubuque
153320,Faith Baptist Bible College and Theological Seminary
153366,Graceland University-Lamoni
153375,Grand View University
153384,Grinnell College
153603,Iowa State University
153621,Iowa Wesleyan University
153658,University of Iowa
153825,Loras College
153834,Luther College
153861,Maharishi University of Management
154004,Morningside College
154013,Mount Mercy University
154095,University of Northern Iowa
154101,Northwestern College
154174,Palmer College of Chiropractic
154235,Saint Ambrose University
154350,Simpson College
154493,Upper Iowa University
154527,Wartburg College
154590,William Penn University
154688,Baker University
154712,Benedictine College
154721,Bethany College
154749,Bethel College-North Newton
154855,Central Christian College of Kansas
155025,Emporia State University
155061,Fort Hays State University
155070,Barclay College
155089,Friends University
155317,University of Kansas
155335,Newman University
155399,Kansas State University
155414,Kansas Wesleyan University
155496,Manhattan Christian College
155511,McPherson College
155520,MidAmerica Nazarene University
155627,Ottawa University-Ottawa
155636,Ottawa University-Kansas City
155681,Pittsburg State University
155812,University of Saint Mary
155900,Southwestern College
155937,Sterling College
155973,Tabor College
156082,Washburn University
156125,Wichita State University
156189,Alice Lloyd College
156213,Asbury University
156286,Bellarmine University
156295,Berea College
156356,Brescia University
156365,Campbellsville University
156408,Centre College
156417,Clear Creek Baptist Bible College
156541,University of the Cumberlands
156620,Eastern Kentucky University
156745,Georgetown College
157030,Kentucky Mountain Bible College
157058,Kentucky State University
157076,Kentucky Wesleyan College
157085,University of Kentucky
157100,Kentucky Christian University
157216,Lindsey Wilson College
157289,University of Louisville
157377,Midway University
157386,Morehead State University
157401,Murray State University
157447,Northern Kentucky University
157535,University of Pikeville
157632,Saint Catharine College
157757,Spalding University
157809,Thomas More College
157818,Transylvania University
157863,Union College
157951,Western Kentucky University
158477,Centenary College of Louisiana
158802,Dillard University
159009,Grambling State University
159373,Louisiana State University Health Sciences Center-New Orleans
159382,Louisiana State University-Alexandria
159391,Louisiana State University and Agricultural & Mechanical College
159416,Louisiana State University-Shreveport
159568,Louisiana College
159647,Louisiana Tech University
159656,Loyola University New Orleans
159717,McNeese State University
159939,University of New Orleans
159966,Nicholls State University
159993,University of Louisiana at Monroe
160038,Northwestern State University of Louisiana
160065,University of Holy Cross
160409,Saint Joseph Seminary College
160612,Southeastern Louisiana University
160621,Southern University and A & M College
160630,Southern University at New Orleans
160658,University of Louisiana at Lafayette
160755,Tulane University of Louisiana
160904,Xavier University of Louisiana
160959,College of the Atlantic
160977,Bates College
161004,Bowdoin College
161086,Colby College
161165,Husson University
161217,University of Maine at Augusta
161226,University of Maine at Farmington
161235,University of Maine at Fort Kent
161244,University of Maine at Machias
161253,University of Maine
161299,Maine Maritime Academy
161341,University of Maine at Presque Isle
161457,University of New England
161509,Maine College of Art
161518,Saint Joseph's College of Maine
161554,University of Southern Maine
161563,Thomas College
161572,Unity College
161873,University of Baltimore
162007,Bowie State University
162061,Capitol Technology University
162210,Washington Adventist University
162283,Coppin State University
162584,Frostburg State University
162654,Goucher College
162760,Hood College
162928,Johns Hopkins University
163046,Loyola University Maryland
163204,University of Maryland-University College
163259,University of Maryland Baltimore
163268,University of Maryland-Baltimore County
163286,University of Maryland-College Park
163295,Maryland Institute College of Art
163338,University of Maryland Eastern Shore
163453,Morgan State University
163462,Mount St. Mary's University
163532,Ner Israel Rabbinical College
163578,Notre Dame of Maryland University
163851,Salisbury University
163912,St. Mary's College of Maryland
163921,Sojourner-Douglass College
163976,St. John's College
164076,Towson University
164173,Stevenson University
164216,Washington College
164270,McDaniel College
164447,American International College
164465,Amherst College
164492,Anna Maria College
164562,Assumption College
164580,Babson College
164614,Boston Baptist College
164632,Bay Path University
164720,Becker College
164739,Bentley University
164748,Berklee College of Music
164872,Boston Architectural College
164924,Boston College
164933,The Boston Conservatory
164988,Boston University
165015,Brandeis University
165024,Bridgewater State University
165167,Cambridge College
165334,Clark University
165529,Curry College
165644,Eastern Nazarene College
165662,Emerson College
165671,Emmanuel College
165699,Endicott College
165820,Fitchburg State University
165866,Framingham State University
165936,Gordon College
166018,Hampshire College
166027,Harvard University
166045,Hebrew College
166054,Hellenic College-Holy Cross Greek Orthodox School of Theology
166124,College of the Holy Cross
166391,Lasell College
166452,Lesley University
166513,University of Massachusetts-Lowell
166629,University of Massachusetts-Amherst
166638,University of Massachusetts-Boston
166656,MCPHS University
166674,Massachusetts College of Art and Design
166683,Massachusetts Institute of Technology
166692,Massachusetts Maritime Academy
166850,Merrimack College
166869,MGH Institute of Health Professions
166911,Montserrat College of Art
166939,Mount Holyoke College
166948,Mount Ida College
166984,School of the Museum of Fine Arts at Tufts University
167057,The New England Conservatory of Music
167093,New England College of Optometry
167251,Newbury College
167260,Nichols College
167288,Massachusetts College of Liberal Arts
167358,Northeastern University
167394,College of Our Lady of the Elms
167455,Pine Manor College
167598,Regis College
167677,Saint John's Seminary
167729,Salem State University
167783,Simmons University
167835,Smith College
167899,Springfield College
167987,University of Massachusetts-Dartmouth
167996,Stonehill College
168005,Suffolk University
168148,Tufts University
168218,Wellesley College
168227,Wentworth Institute of Technology
168254,Western New England University
168263,Westfield State University
168281,Wheaton College
168290,Wheelock College
168342,Williams College
168421,Worcester Polytechnic Institute
168430,Worcester State University
168528,Adrian College
168546,Albion College
168591,Alma College
168740,Andrews University
168786,Aquinas College
169080,Calvin College
169248,Central Michigan University
169327,Cleary University
169442,College for Creative Studies
169479,Davenport University
169716,University of Detroit Mercy
169798,Eastern Michigan University
169910,Ferris State University
169983,Kettering University
170037,Cornerstone University
170082,Grand Valley State University
170091,Great Lakes Christian College
170301,Hope College
170532,Kalamazoo College
170639,Lake Superior State University
170675,Lawrence Technological University
170806,Madonna University
170842,Marygrove College
170967,Rochester College
170976,University of Michigan-Ann Arbor
171100,Michigan State University
171128,Michigan Technological University
171137,University of Michigan-Dearborn
171146,University of Michigan-Flint
171456,Northern Michigan University
171492,Northwood University
171571,Oakland University
171599,Olivet College
171881,Kuyper College
172051,Saginaw Valley State University
172264,Siena Heights University
172334,Spring Arbor University
172440,Finlandia University
172608,Walsh College
172644,Wayne State University
172699,Western Michigan University
173045,Augsburg University
173124,Bemidji State University
173142,Bethany Lutheran College
173160,Bethel University
173258,Carleton College
173300,Concordia College at Moorhead
173328,Concordia University-Saint Paul
173452,Martin Luther College
173647,Gustavus Adolphus College
173665,Hamline University
173902,Macalester College
173920,Minnesota State University-Mankato
174020,Metropolitan State University
174066,University of Minnesota-Twin Cities
174075,University of Minnesota-Crookston
174127,Minneapolis College of Art and Design
174206,Crossroads College
174233,University of Minnesota-Duluth
174251,University of Minnesota-Morris
174358,Minnesota State University Moorhead
174437,North Central University
174491,University of Northwestern-St Paul
174507,Northwestern Health Sciences University
174525,Oak Hills Christian College
174747,College of Saint Benedict
174783,Saint Cloud State University
174792,Saint Johns University
174817,Saint Mary's University of Minnesota
174844,St Olaf College
174862,Crown College
174899,The College of Saint Scholastica
174914,University of St Thomas
175005,St Catherine University
175078,Southwest Minnesota State University
175272,Winona State University
175342,Alcorn State University
175421,Belhaven University
175430,Blue Mountain College
175616,Delta State University
175856,Jackson State University
175980,Millsaps College
176017,University of Mississippi
176035,Mississippi University for Women
176044,Mississippi Valley State University
176053,Mississippi College
176080,Mississippi State University
176318,Rust College
176372,University of Southern Mississippi
176406,Tougaloo College
176479,William Carey University
176628,Avila University
176664,Baptist Bible College
176770,Cox College
176789,Calvary University
176910,Central Christian College of the Bible
176947,Central Methodist University-College of Liberal Arts and Sciences
176965,University of Central Missouri
177038,Cleveland University-Kansas City
177065,Columbia College
177083,Conception Seminary College
177144,Culver-Stockton College
177214,Drury University
177339,Evangel University
177418,Fontbonne University
177542,Hannibal-LaGrange University
177551,Harris-Stowe State University
177719,Barnes-Jewish College Goldfarb School of Nursing
177746,Kansas City Art Institute
177816,Kenrick Glennon Seminary
177940,Lincoln University
177968,Lindenwood University
177986,Logan University
178059,Maryville University of Saint Louis
178208,Midwestern Baptist Theological Seminary
178244,Missouri Baptist University
178341,Missouri Southern State University
178369,Missouri Valley College
178387,Missouri Western State University
178396,University of Missouri-Columbia
178402,University of Missouri-Kansas City
178411,Missouri University of Science and Technology
178420,University of Missouri-St Louis
178615,Truman State University
178624,Northwest Missouri State University
178679,Ozark Christian College
178697,College of the Ozarks
178721,Park University
179043,Rockhurst University
179159,Saint Louis University
179256,Saint Louis Christian College
179326,Southwest Baptist University
179450,Saint Luke's College of Health Sciences
179548,Stephens College
179557,Southeast Missouri State University
179566,Missouri State University-Springfield
179867,Washington University in St Louis
179894,Webster University
179946,Westminster College
179955,William Jewell College
179964,William Woods University
180106,Carroll College
180179,Montana State University Billings
180258,University of Providence
180416,Montana Technological University
180461,Montana State University
180489,The University of Montana
180522,Montana State University-Northern
180595,Rocky Mountain College
180692,The University of Montana-Western
180814,Bellevue University
180832,Clarkson College
180878,Bryan College of Health Sciences
180948,Chadron State College
180984,Concordia University-Nebraska
181002,Creighton University
181020,Doane University-Arts & Sciences
181093,Grace University
181127,Hastings College
181215,University of Nebraska at Kearney
181297,Nebraska Methodist College of Nursing & Allied Health
181330,Midland University
181376,Nebraska Christian College of Hope International University
181394,University of Nebraska at Omaha
181428,University of Nebraska Medical Center
181446,Nebraska Wesleyan University
181464,University of Nebraska-Lincoln
181534,Peru State College
181604,College of Saint Mary
181738,Union College
181783,Wayne State College
181853,York College
182281,University of Nevada-Las Vegas
182290,University of Nevada-Reno
182458,Sierra Nevada College
182634,Colby-Sawyer College
182670,Dartmouth College
182795,Franklin Pierce University
182980,New England College
183026,Southern New Hampshire University
183044,University of New Hampshire-Main Campus
183062,Keene State College
183071,University of New Hampshire at Manchester
183080,Plymouth State University
183211,Rivier University
183239,Saint Anselm College
183257,Granite State College
183275,Thomas More College of Liberal Arts
183804,Beth Medrash Govoha
183822,Bloomfield College
183910,Caldwell University
183974,Centenary University
184348,Drew University
184603,Fairleigh Dickinson University-Metropolitan Campus
184612,Felician University
184694,Fairleigh Dickinson University-Florham Campus
184773,Georgian Court University
184782,Rowan University
185129,New Jersey City University
185262,Kean University
185572,Monmouth University
185590,Montclair State University
185828,New Jersey Institute of Technology
186131,Princeton University
186186,Rabbinical College of America
186201,Ramapo College of New Jersey
186283,Rider University
186371,Rutgers University-Camden
186380,Rutgers University-New Brunswick
186399,Rutgers University-Newark
186432,Saint Peter's University
186584,Seton Hall University
186618,College of Saint Elizabeth
186867,Stevens Institute of Technology
186876,Stockton University
186900,Talmudical Academy-New Jersey
187046,Thomas Edison State University
187134,The College of New Jersey
187444,William Paterson University of New Jersey
187648,Eastern New Mexico University-Main Campus
187745,Institute of American Indian and Alaska Native Culture and Arts Development
187897,New Mexico Highlands University
187967,New Mexico Institute of Mining and Technology
187985,University of New Mexico-Main Campus
188030,New Mexico State University-Main Campus
188182,University of the Southwest
188304,Western New Mexico University
188429,Adelphi University
188526,Albany College of Pharmacy and Health Sciences
188641,Alfred University
189088,Bard College
189097,Barnard College
189264,Beth Hatalmud Rabbinical College
189273,Beth Hamedrash Shaarei Yosher Institute
189705,Canisius College
189848,Cazenovia College
189857,Central Yeshiva Tomchei Tmimim Lubavitz
190044,Clarkson University
190099,Colgate University
190114,Metropolitan College of New York
190150,Columbia University in the City of New York
190248,Concordia College-New York
190372,Cooper Union for the Advancement of Science and Art
190415,Cornell University
190512,CUNY Bernard M Baruch College
190549,CUNY Brooklyn College
190558,College of Staten Island CUNY
190567,CUNY City College
190576,CUNY Graduate School and University Center
190594,CUNY Hunter College
190600,CUNY John Jay College of Criminal Justice
190637,CUNY Lehman College
190646,CUNY Medgar Evers College
190655,CUNY New York City College of Technology
190664,CUNY Queens College
190691,CUNY York College
190716,D'Youville College
190725,Daemen College
190752,Yeshiva of Far Rockaway Derech Ayson Rabbinical Seminary
190761,Dominican College of Blauvelt
190770,Dowling College
190983,Elmira College
191241,Fordham University
191515,Hamilton College
191533,Hartwick College
191621,Hilbert College
191630,Hobart William Smith Colleges
191649,Hofstra University
191676,Houghton College
191931,Iona College
191968,Ithaca College
192040,Jewish Theological Seminary of America
192110,The Juilliard School
192165,Kehilath Yakov Rabbinical Seminary
192192,Keuka College
192323,Le Moyne College
192439,LIU Brooklyn
192448,Long Island University
192563,LIU Brentwood
192624,Machzikei Hadath Rabbinical College
192703,Manhattan College
192712,Manhattan School of Music
192749,Manhattanville College
192819,Marist College
192864,Marymount Manhattan College
192925,Medaille College
193016,Mercy College
193052,Mesivta Torah Vodaath Rabbinical Seminary
193061,Mesivta of Eastern Parkway-Yeshiva Zichron Meilech
193070,Mesivtha Tifereth Jerusalem of America
193247,Mirrer Yeshiva Cent Institute
193292,Molloy College
193353,Mount Saint Mary College
193399,College of Mount Saint Vincent
193584,Nazareth College
193645,The College of New Rochelle
193654,The New School
193900,New York University
193973,Niagara University
194091,New York Institute of Technology
194161,Nyack College
194189,Ohr Hameir Theological Seminary
194310,Pace University
194392,Paul Smiths College of Arts and Science
194569,Davis College
194578,Pratt Institute-Main
194657,Rabbinical Academy Mesivta Rabbi Chaim Berlin
194666,Rabbinical College Bobover Yeshiva Bnei Zion
194675,Rabbinical College of Ch'san Sofer New York
194693,Rabbinical College Beth Shraga
194736,Rabbinical College of Long Island
194763,Rabbinical Seminary of America
194824,Rensselaer Polytechnic Institute
194958,Roberts Wesleyan College
195003,Rochester Institute of Technology
195030,University of Rochester
195128,The Sage Colleges
195164,St Bonaventure University
195173,St Francis College
195216,St Lawrence University
195234,The College of Saint Rose
195243,St. Thomas Aquinas College
195304,Sarah Lawrence College
195438,Sh'or Yoshuv Rabbinical College
195474,Siena College
195526,Skidmore College
195544,St. Joseph's College-New York
195720,Saint John Fisher College
195809,St John's University-New York
196042,Farmingdale State College
196060,SUNY at Albany
196079,Binghamton University
196088,University at Buffalo
196097,Stony Brook University
196103,SUNY College of Environmental Science and Forestry
196112,SUNY Polytechnic Institute
196121,SUNY College at Brockport
196130,SUNY Buffalo State
196149,SUNY Cortland
196158,SUNY at Fredonia
196167,SUNY College at Geneseo
196176,State University of New York at New Paltz
196185,SUNY Oneonta
196194,SUNY College at Oswego
196200,SUNY College at Potsdam
196219,SUNY at Purchase College
196237,SUNY College at Old Westbury
196246,SUNY College at Plattsburgh
196255,SUNY Downstate Medical Center
196264,SUNY Empire State College
196291,SUNY Maritime College
196307,Upstate Medical University
196413,Syracuse University
196431,Talmudical Seminary Oholei Torah
196440,Talmudical Institute of Upstate New York
196583,Torah Temimah Talmudical Seminary
196592,Touro College
196680,Excelsior College
196866,Union College
197018,United Talmudical Seminary
197027,United States Merchant Marine Academy
197045,Utica College
197133,Vassar College
197197,Wagner College
197221,Webb Institute
197230,Wells College
197601,Yeshiva Karlin Stolin
197610,Yeshivat Mikdash Melech
197647,Yeshiva Derech Chaim
197674,Yeshiva of Nitra Rabbinical College
197692,Yeshiva Shaar Hatorah
197708,Yeshiva University
197735,Yeshivath Viznitz
197744,Yeshivath Zichron Moshe
197869,Appalachian State University
197911,Barton College
197984,Belmont Abbey College
197993,Bennett College
198066,Brevard College
198136,Campbell University
198215,Catawba College
198303,Chowan University
198385,Davidson College
198419,Duke University
198464,East Carolina University
198507,Elizabeth City State University
198516,Elon University
198543,Fayetteville State University
198561,Gardner-Webb University
198598,Greensboro College
198613,Guilford College
198677,Heritage Bible College
198695,High Point University
198747,John Wesley University
198756,Johnson C Smith University
198808,Lees-McRae College
198835,Lenoir-Rhyne University
198862,Livingstone College
198899,Mars Hill University
198950,Meredith College
198969,Methodist University
199032,Montreat College
199069,University of Mount Olive
199102,North Carolina A & T State University
199111,University of North Carolina at Asheville
199120,University of North Carolina at Chapel Hill
199139,University of North Carolina at Charlotte
199148,University of North Carolina at Greensboro
199157,North Carolina Central University
199184,University of North Carolina School of the Arts
199193,North Carolina State University at Raleigh
199209,North Carolina Wesleyan College
199218,University of North Carolina Wilmington
199272,William Peace University
199281,University of North Carolina at Pembroke
199306,Pfeiffer University
199315,Piedmont International University
199412,Queens University of Charlotte
199458,Mid-Atlantic Christian University
199582,Saint Augustine's University
199607,Salem College
199643,Shaw University
199698,St. Andrews University
199759,Southeastern Baptist Theological Seminary
199847,Wake Forest University
199865,Warren Wilson College
199962,Wingate University
199971,Carolina Christian College
199999,Winston-Salem State University
200004,Western Carolina University
200059,Dickinson State University
200156,University of Jamestown
200217,University of Mary
200226,Mayville State University
200253,Minot State University
200280,University of North Dakota
200332,North Dakota State University-Main Campus
200484,Trinity Bible College and Graduate School
200572,Valley City State University
200800,University of Akron Main Campus
201061,Art Academy of Cincinnati
201104,Ashland University
201195,Baldwin Wallace University
201371,Bluffton University
201441,Bowling Green State University-Main Campus
201548,Capital University
201645,Case Western Reserve University
201654,Cedarville University
201690,Central State University
201858,Cincinnati Christian University
201885,University of Cincinnati-Main Campus
201964,Ohio Christian University
202046,Cleveland Institute of Art
202073,Cleveland Institute of Music
202134,Cleveland State University
202170,Columbus College of Art and Design
202480,University of Dayton
202514,Defiance College
202523,Denison University
202763,The University of Findlay
202806,Franklin University
202903,Gods Bible School and College
203085,Heidelberg University
203128,Hiram College
203368,John Carroll University
203517,Kent State University at Kent
203535,Kenyon College
203580,Lake Erie College
203757,Lourdes University
203775,Malone University
203845,Marietta College
204006,Miami University-Hamilton
204015,Miami University-Middletown
204024,Miami University-Oxford
204176,Mount Carmel College of Nursing
204185,University of Mount Union
204194,Mount Vernon Nazarene University
204200,Mount Saint Joseph University
204264,Muskingum University
204468,Notre Dame College
204501,Oberlin College
204617,Ohio Dominican University
204635,Ohio Northern University
204671,Ohio State University-Lima Campus
204796,Ohio State University-Main Campus
204857,Ohio University-Main Campus
204909,Ohio Wesleyan University
204936,Otterbein University
205027,Pontifical College Josephinum
205124,Rabbinical College Telshe
205443,Shawnee State University
205957,Franciscan University of Steubenville
206048,Tiffin University
206084,University of Toledo
206154,Tri-State Bible College
206279,Union Institute & University
206330,Urbana University
206349,Ursuline College
206437,Walsh University
206491,Wilberforce University
206507,Wilmington College
206525,Wittenberg University
206589,The College of Wooster
206604,Wright State University-Main Campus
206613,Wright State University-Lake Campus
206622,Xavier University
206695,Youngstown State University
206835,Oklahoma Wesleyan University
206862,Southern Nazarene University
206914,Cameron University
206941,University of Central Oklahoma
207041,East Central University
207157,Randall University
207209,Langston University
207263,Northeastern State University
207306,Northwestern Oklahoma State University
207324,Oklahoma Christian University
207342,University of Oklahoma-Health Sciences Center
207351,Oklahoma Panhandle State University
207388,Oklahoma State University-Main Campus
207403,Oklahoma Baptist University
207458,Oklahoma City University
207500,University of Oklahoma-Norman Campus
207582,Oral Roberts University
207661,Rogers State University
207689,St. Gregory's University
207722,University of Science and Arts of Oklahoma
207847,Southeastern Oklahoma State University
207856,Southwestern Christian University
207865,Southwestern Oklahoma State University
207971,University of Tulsa
208488,Concordia University-Portland
208646,Eastern Oregon University
208725,New Hope Christian College-Eugene
208822,George Fox University
209056,Lewis & Clark College
209065,Linfield College-McMinnville Campus
209108,Marylhurst University
209241,Mount Angel Seminary
209287,Multnomah University
209409,Northwest Christian University
209490,Oregon Health & Science University
209506,Oregon Institute of Technology
209533,Oregon College of Art and Craft
209542,Oregon State University
209551,University of Oregon
209603,Pacific Northwest College of Art
209612,Pacific University
209807,Portland State University
209825,University of Portland
209922,Reed College
210146,Southern Oregon University
210304,Warner Pacific University
210331,Corban University
210401,Willamette University
210429,Western Oregon University
210492,Bryn Athyn College of the New Church
210571,Albright College
210669,Allegheny College
210739,DeSales University
210775,Alvernia University
211024,Clarks Summit University
211088,Arcadia University
211158,Bloomsburg University of Pennsylvania
211273,Bryn Mawr College
211291,Bucknell University
211352,Cabrini University
211361,California University of Pennsylvania
211431,Carlow University
211440,Carnegie Mellon University
211468,Cedar Crest College
211556,Chatham University
211583,Chestnut Hill College
211608,Cheyney University of Pennsylvania
211644,Clarion University of Pennsylvania
211893,Curtis Institute of Music
211981,Delaware Valley University
212009,Dickinson College
212054,Drexel University
212106,Duquesne University
212115,East Stroudsburg University of Pennsylvania
212133,Eastern University
212160,Edinboro University of Pennsylvania
212197,Elizabethtown College
212452,Faith Theological Seminary
212577,Franklin and Marshall College
212601,Gannon University
212656,Geneva College
212674,Gettysburg College
212832,Gwynedd Mercy University
212911,Haverford College
212984,Holy Family University
213011,Immaculata University
213020,Indiana University of Pennsylvania-Main Campus
213251,Juniata College
213303,Keystone College
213321,King's College
213349,Kutztown University of Pennsylvania
213358,La Roche University
213367,La Salle University
213385,Lafayette College
213400,Lancaster Bible College
213507,Lebanon Valley College
213543,Lehigh University
213598,Lincoln University
213613,Lock Haven University
213668,Lycoming College
213783,Mansfield University of Pennsylvania
213826,Marywood University
213987,Mercyhurst University
213996,Messiah College
214041,Millersville University of Pennsylvania
214069,Misericordia University
214148,Moore College of Art and Design
214157,Moravian College
214175,Muhlenberg College
214272,Neumann University
214591,Pennsylvania State University-Penn State Erie-Behrend College
214625,Pennsylvania State University-Penn State New Kensington
214634,Pennsylvania State University-Penn State Shenango
214643,Pennsylvania State University-Penn State Wilkes-Barre
214652,Pennsylvania State University-Penn State Scranton
214670,Pennsylvania State University-Penn State Lehigh Valley
214689,Pennsylvania State University-Penn State Altoona
214698,Pennsylvania State University-Penn State Beaver
214704,Pennsylvania State University-Penn State Berks
214713,Pennsylvania State University-Penn State Harrisburg
214731,Pennsylvania State University-Penn State Brandywine
214777,Pennsylvania State University-Main Campus
214786,Pennsylvania State University-Penn State Greater Allegheny
214801,Pennsylvania State University-Penn State Abington
214810,Pennsylvania State University-Penn State Schuylkill
214829,Pennsylvania State University-Penn State York
214883,Peirce College
214971,Pennsylvania Academy of the Fine Arts
215053,Pennsylvania College of Art and Design
215062,University of Pennsylvania
215099,Jefferson (Philadelphia University + Thomas Jefferson University)
215105,The University of the Arts
215114,Cairn University-Langhorne
215132,University of the Sciences
215266,University of Pittsburgh-Bradford
215275,University of Pittsburgh-Greensburg
215284,University of Pittsburgh-Johnstown
215293,University of Pittsburgh-Pittsburgh Campus
215442,Point Park University
215655,Robert Morris University
215691,Rosemont College
215743,Saint Francis University
215770,Saint Joseph's University
215798,Saint Vincent College
215929,University of Scranton
215947,Seton Hill University
216010,Shippensburg University of Pennsylvania
216038,Slippery Rock University of Pennsylvania
216047,Saint Charles Borromeo Seminary-Overbrook
216278,Susquehanna University
216287,Swarthmore College
216311,Talmudical Yeshiva of Philadelphia
216339,Temple University
216357,Thiel College
216366,Thomas Jefferson University
216524,Ursinus College
216542,University of Valley Forge
216597,Villanova University
216667,Washington & Jefferson College
216694,Waynesburg University
216764,West Chester University of Pennsylvania
216807,Westminster College
216852,Widener University
216931,Wilkes University
217013,Wilson College
217040,Yeshivath Beth Moshe
217059,York College of Pennsylvania
217156,Brown University
217165,Bryant University
217235,Johnson & Wales University-Providence
217402,Providence College
217420,Rhode Island College
217484,University of Rhode Island
217493,Rhode Island School of Design
217518,Roger Williams University
217536,Salve Regina University
217606,Northpoint Bible College
217624,Allen University
217633,Anderson University
217688,Charleston Southern University
217721,Benedict College
217776,Southern Wesleyan University
217819,College of Charleston
217864,Citadel Military College of South Carolina
217873,Claflin University
217882,Clemson University
217907,Coker College
217925,Columbia International University
217934,Columbia College
217961,Converse College
217998,Erskine College
218061,Francis Marion University
218070,Furman
218229,Lander University
218238,Limestone College
218335,Medical University of South Carolina
218399,Morris College
218414,Newberry College
218441,North Greenville University
218539,Presbyterian College
218645,University of South Carolina-Aiken
218654,University of South Carolina-Beaufort
218663,University of South Carolina-Columbia
218724,Coastal Carolina University
218733,South Carolina State University
218742,University of South Carolina-Upstate
218919,Voorhees College
218964,Winthrop University
218973,Wofford College
219000,Augustana University
219046,Black Hills State University
219082,Dakota State University
219091,Dakota Wesleyan University
219198,Mount Marty College
219259,Northern State University
219295,Presentation College
219347,South Dakota School of Mines and Technology
219356,South Dakota State University
219383,University of Sioux Falls
219471,University of South Dakota
219505,American Baptist College
219602,Austin Peay State University
219639,Baptist Memorial College of Health Sciences
219709,Belmont University
219718,Bethel University
219790,Bryan College-Dayton
219806,Carson-Newman University
219833,Christian Brothers University
219949,Cumberland University
219976,Lipscomb University
220075,East Tennessee State University
220181,Fisk University
220206,Welch College
220215,Freed-Hardeman University
220473,Johnson University
220516,King University
220598,Lane College
220604,Le Moyne-Owen College
220613,Lee University
220631,Lincoln Memorial University
220701,Martin Methodist College
220710,Maryville College
220808,Memphis College of Art
220862,University of Memphis
220978,Middle Tennessee State University
221014,Milligan College
221254,O'More College of Design
221351,Rhodes College
221519,The University of the South
221661,Southern Adventist University
221731,Tennessee Wesleyan University
221740,The University of Tennessee-Chattanooga
221759,The University of Tennessee-Knoxville
221768,The University of Tennessee-Martin
221838,Tennessee State University
221847,Tennessee Technological University
221856,Tennessee Temple University
221892,Trevecca Nazarene University
221953,Tusculum University
221971,Union University
221999,Vanderbilt University
222178,Abilene Christian University
222831,Angelo State University
222877,Arlington Baptist University
222983,Austin College
223117,Baptist Missionary Association Theological Seminary
223232,Baylor University
224004,Concordia University Texas
224147,Texas A & M University-Corpus Christi
224226,Dallas Baptist University
224244,Dallas Christian College
224323,University of Dallas
224527,East Texas Baptist University
224545,Texas A&M University-Texarkana
224554,Texas A & M University-Commerce
225247,Hardin-Simmons University
225399,Houston Baptist University
225414,University of Houston-Clear Lake
225432,University of Houston-Downtown
225502,University of Houston-Victoria
225511,University of Houston
225548,Howard Payne University
225575,Huston-Tillotson University
225627,University of the Incarnate Word
225885,Jarvis Christian College
226091,Lamar University
226152,Texas A & M International University
226231,LeTourneau University
226383,Lubbock Christian University
226471,University of Mary Hardin-Baylor
226587,McMurry University
226833,Midwestern State University
227216,University of North Texas
227243,Northwood University-Texas
227331,Our Lady of the Lake University
227368,The University of Texas Rio Grande Valley
227377,Texas Southmost College
227429,Paul Quinn College
227526,Prairie View A & M University
227757,Rice University
227845,Saint Edward's University
227863,University of St Thomas
227881,Sam Houston State University
228042,Schreiner University
228149,St. Mary's University
228246,Southern Methodist University
228325,Southwestern Assemblies of God University
228343,Southwestern University
228431,Stephen F Austin State University
228459,Texas State University
228468,Southwestern Adventist University
228501,Sul Ross State University
228529,Tarleton State University
228635,University of Texas Southwestern Medical Center
228644,The University of Texas Health Science Center at San Antonio
228653,The University of Texas Medical Branch
228705,Texas A & M University-Kingsville
228723,Texas A & M University-College Station
228769,The University of Texas at Arlington
228778,The University of Texas at Austin
228787,The University of Texas at Dallas
228796,The University of Texas at El Paso
228802,The University of Texas at Tyler
228875,Texas Christian University
228884,Texas College
228981,Texas Lutheran University
229018,The University of Texas of the Permian Basin
229027,The University of Texas at San Antonio
229063,Texas Southern University
229115,Texas Tech University
229160,Texas Wesleyan University
229179,Texas Woman's University
229267,Trinity University
229300,The University of Texas Health Science Center at Houston
229337,Texas Tech University Health Sciences Center
229780,Wayland Baptist University
229814,West Texas A & M University
229887,Wiley College
230038,Brigham Young University-Provo
230047,Brigham Young University-Hawaii
230603,Southern Utah University
230630,Stevens-Henager College
230728,Utah State University
230737,Utah Valley University
230764,University of Utah
230782,Weber State University
230807,Westminster College
230816,Bennington College
230825,Burlington College
230834,Castleton University
230852,Champlain College
230889,Goddard College
230898,Green Mountain College
230913,Northern Vermont University
230931,Lyndon State College
230940,Marlboro College
230959,Middlebury College
230995,Norwich University
231059,Saint Michael's College
231077,College of St Joseph
231086,Southern Vermont College
231095,Sterling College
231174,University of Vermont
231420,Averett University
231554,Bluefield College
231581,Bridgewater College
231624,College of William and Mary
231651,Regent University
231712,Christopher Newport University
231837,Jefferson College of Health Sciences
232025,Emory & Henry College
232043,Eastern Mennonite University
232089,Ferrum College
232186,George Mason University
232256,Hampden-Sydney College
232265,Hampton University
232308,Hollins University
232423,James Madison University
232557,Liberty University
232566,Longwood University
232609,University of Lynchburg
232672,Mary Baldwin University
232681,University of Mary Washington
232706,Marymount University
232885,Sentara College of Health Sciences
232937,Norfolk State University
232982,Old Dominion University
233277,Radford University
233295,Randolph-Macon College
233301,Randolph College
233356,Bon Secours Memorial College of Nursing
233374,University of Richmond
233426,Roanoke College
233541,Shenandoah University
233611,Southern Virginia University
233718,Sweet Briar College
233897,The University of Virginia's College at Wise
233921,Virginia Polytechnic Institute and State University
234030,Virginia Commonwealth University
234076,University of Virginia-Main Campus
234085,Virginia Military Institute
234155,Virginia State University
234164,Virginia Union University
234173,Virginia Wesleyan University
234207,Washington and Lee University
234827,Central Washington University
234915,City University of Seattle
235024,Cornish College of the Arts
235097,Eastern Washington University
235167,The Evergreen State College
235316,Gonzaga University
235422,Heritage University
235547,Bastyr University
235769,Trinity Lutheran College
236133,Northwest University
236230,Pacific Lutheran University
236328,University of Puget Sound
236452,Saint Martin's University
236577,Seattle Pacific University
236595,Seattle University
236896,Walla Walla University
236939,Washington State University
236948,University of Washington-Seattle Campus
237011,Western Washington University
237057,Whitman College
237066,Whitworth University
237118,Alderson Broaddus University
237136,Appalachian Bible College
237181,Bethany College
237215,Bluefield State College
237312,University of Charleston
237330,Concord University
237358,Davis & Elkins College
237367,Fairmont State University
237385,Glenville State College
237525,Marshall University
237640,Ohio Valley University
237792,Shepherd University
237899,West Virginia State University
237932,West Liberty University
237950,West Virginia University Institute of Technology
237969,West Virginia Wesleyan College
238032,West Virginia University
238078,Wheeling Jesuit University
238193,Alverno College
238324,Bellin College
238333,Beloit College
238430,Cardinal Stritch University
238458,Carroll University
238476,Carthage College
238573,Columbia College of Nursing
238616,Concordia University-Wisconsin
238661,Edgewood College
238980,Lakeland University
239017,Lawrence University
239071,Maranatha Baptist University
239080,Marian University
239105,Marquette University
239309,Milwaukee Institute of Art & Design
239318,Milwaukee School of Engineering
239390,Mount Mary University
239503,Northland International University
239512,Northland College
239628,Ripon College
239716,Saint Norbert College
239743,Silver Lake College of the Holy Family
240107,Viterbo University
240189,University of Wisconsin-Whitewater
240268,University of Wisconsin-Eau Claire
240277,University of Wisconsin-Green Bay
240329,University of Wisconsin-La Crosse
240338,Wisconsin Lutheran College
240365,University of Wisconsin-Oshkosh
240374,University of Wisconsin-Parkside
240417,University of Wisconsin-Stout
240426,University of Wisconsin-Superior
240444,University of Wisconsin-Madison
240453,University of Wisconsin-Milwaukee
240462,University of Wisconsin-Platteville
240471,University of Wisconsin-River Falls
240480,University of Wisconsin-Stevens Point
240727,University of Wyoming
240754,University of Guam
241100,American University of Puerto Rico
241128,American University of Puerto Rico
241191,Universidad Adventista de las Antillas
241216,Atlantic University College
241225,Universidad Central de Bayamon
241331,Carlos Albizu University-San Juan
241377,Caribbean University-Bayamon
241386,Caribbean University-Carolina
241395,Pontifical Catholic University of Puerto Rico-Arecibo
241410,Pontifical Catholic University of Puerto Rico-Ponce
241614,Universidad Teologica del Caribe
241720,Colegio Universitario de San Juan
241739,Universidad Ana G. Mendez-Cupey Campus
241766,Conservatory of Music of Puerto Rico
241951,Escuela de Artes Plasticas y Diseno de Puerto Rico
242617,Inter American University of Puerto Rico-San German
242626,Inter American University of Puerto Rico-Aguadilla
242635,Inter American University of Puerto Rico-Arecibo
242644,Inter American University of Puerto Rico-Barranquitas
242653,Inter American University of Puerto Rico-Metro
242662,Inter American University of Puerto Rico-Ponce
242680,Inter American University of Puerto Rico-Fajardo
242699,Inter American University of Puerto Rico-Guayama
242705,Inter American University of Puerto Rico-Bayamon
243106,University of Puerto Rico-Aguadilla
243115,University of Puerto Rico-Arecibo
243133,University of Puerto Rico-Bayamon
243142,University of Puerto Rico-Carolina
243151,University of Puerto Rico-Cayey
243179,University of Puerto Rico-Humacao
243197,University of Puerto Rico-Mayaguez
243203,University of Puerto Rico-Medical Sciences
243212,University of Puerto Rico-Ponce
243221,University of Puerto Rico-Rio Piedras
243346,Universidad Ana G. Mendez-Carolina Campus
243443,Universidad del Sagrado Corazon
243577,Universidad Politecnica de Puerto Rico
243586,Pontifical Catholic University of Puerto Rico-Mayaguez
243601,Universidad Ana G. Mendez-Gurabo Campus
243665,University of the Virgin Islands
243744,Stanford University
243780,Purdue University-Main Campus
243823,Parker University
244190,Widener University-Delaware Law School
245652,St. John's College
245731,Yeshiva and Kollel Harbotzas Torah
245777,Bais Medrash Elyon
245838,Antioch University-Los Angeles
245847,Antioch University-Santa Barbara
245883,Antioch University-Seattle
245892,Antioch University-Midwest
245953,Mid-America Christian University
247773,Yeshiva Gedolah of Greater Detroit
247825,Austin Graduate School of Theology
260947,Christian Life College
262086,Brandman University
262129,New College of Florida
363712,Yeshivah Gedolah Rabbinical College
363907,Caribbean University-Ponce
363916,Caribbean University-Vega Baja
366003,South Florida Bible College and Theological Seminary
366711,California State University-San Marcos
367839,Colorado Heights University
367884,Hodges University
373827,New England School of Communications
375230,Yeshiva Gedolah Imrei Yosef D'spinka
377555,University of Washington-Bothell Campus
377564,University of Washington-Tacoma Campus
384254,Beacon College
384421,Rabbi Jacob Joseph School
385619,Everglades University
388520,College of Biblical Studies-Houston
392840,Watkins College of Art Design & Film
399911,Soka University of America
401223,World Mission University
405058,Yeshivas Novominsk
405854,Rabbinical College of Ohr Shimon Yisroel
407009,Arizona State University-West
409698,California State University-Monterey Bay
414708,Baker College Center for Graduate Studies
414823,Johnson & Wales University-North Miami
414878,Trine University-Regional/Non-Traditional Campuses
416801,The University of Texas MD Anderson Cancer Center
417752,Messenger College
420325,Yeshiva D'monsey Rabbinical College
420574,Arizona State University-Polytechnic
426314,Embry-Riddle Aeronautical University-Worldwide
428259,Ottawa University-Milwaukee
430670,San Juan Bautista School of Medicine
430810,New Hampshire Institute of Art
431983,Yeshiva of the Telshe Alumni
433387,Western Governors University
433660,Florida Gulf Coast University
434414,Michigan Jewish Institute
434937,Yeshiva College of the Nations Capital
435000,Louisiana State University Health Sciences Center-Shreveport
436614,International Baptist College and Seminary
436818,University of Connecticut-Waterbury Campus
436827,University of Connecticut-Avery Point
436836,University of Connecticut-Stamford
437316,Linfield College-School of Nursing
439446,Atlantic Institute of Oriental Medicine
439701,The King's University
439862,Pacific Islands University
440411,Marlboro College Graduate & Professional Studies
440794,Pillar College
440828,Oregon State University-Cascades Campus
441478,National Graduate School of Quality Management
441511,Apex School of Theology
441609,Yeshiva Shaarei Torah of Rockland
441690,Universidad Pentecostal Mizpa
441900,Nevada State College
441937,California State University-Channel Islands
441982,Franklin W Olin College of Engineering
442897,Ottawa University-Jeffersonville
442949,Birthingway College of Midwifery
443049,Faith International University
443058,Family of Faith Christian University
443340,Williamson Christian College
444398,Baptist University of the Americas
444413,Beis Medrash Heichal Dovid
444778,Charlotte Christian College and Theological Seminary
444990,Flagler College-Tallahassee
445188,University of California-Merced
445267,Central Methodist University-College of Graduate and Extended Studies
445735,Roseman University of Health Sciences
446048,Ave Maria University
446233,Ecclesia College
446394,Maple Springs Baptist Bible College and Seminary
446604,Uta Mesivta of Kiryas Joel
446640,Harrisburg University of Science and Technology
447689,Georgia Gwinnett College
447953,SUM Bible College and Theological Seminary
448284,Doane University-Graduate and Professional Studies
448309,Shorter University-College of Adult & Professional Programs
448804,The Robert B Miller College
448840,University of South Florida-St Petersburg
448886,Arizona State University-Downtown Phoenix
449348,Huntsville Bible College
449658,Bais Medrash Toras Chesed
449764,Visible Music College
449870,University of the West
449931,Averett University-Non-Traditional Programs
450766,LIU Riverhead
451370,Yeshivas Be'er Yitzchok
451398,Yeshiva Toras Chaim
451404,Talmudical Seminary of Bobov
451671,University of South Florida-Sarasota-Manatee
454184,The King's College
454582,Ottawa University-Online
455257,Yeshiva of Machzikai Hadas
455770,Providence Christian College
456481,Polytechnic University of Puerto Rico-Miami
456490,Polytechnic University of Puerto Rico-Orlando
456959,University of Minnesota-Rochester
457183,Remington College of Nursing Orlando
457226,Horizon University
457402,University of Fort Lauderdale
457484,Pacific Rim Christian University
457697,City Vision University
459727,Touro University Worldwide
459824,Touro University Nevada
460075,California University of Management and Sciences
460349,Johnson & Wales University-Online
460783,Remington College-Heathrow Campus
461236,Georgia Central University
461795,North American University
461847,Mesivta Keser Torah
462354,John Paul the Great Catholic University
475200,Whitworth University-Adult Degree Programs
475273,Springfield College-School of Professional and Continuing Studies
475608,Criswell College
476601,Bais HaMedrash and Mesivta of Baltimore
476692,Yeshiva Gedolah Zichron Leyma
476717,Be'er Yaakov Talmudic Seminary
476975,Colorado State University-Global Campus
479956,Pennsylvania State University-World Campus
480134,Elizabethtown College School of Continuing and Professional Studies
480198,Warner Pacific University Professional and Graduate Studies
480569,Florida Institute of Technology-Online
481058,Grace Mission University
481225,Mid-South Christian College
481410,Yeshiva Gedolah Kesser Torah
481438,Yeshiva Yesodei Hatorah
482149,Augusta University
482158,Middle Georgia State University
482228,Veritas Baptist College
482680,University of North Georgia
482705,Northeastern University Lifelong Learning Network
483124,Arizona State University-Skysong
483984,Morthland College
484473,University of Florida-Online
484905,University of North Texas at Dallas
485078,Trine University-Arizona Regional Campus